PM2.5,PM10,NO2,SO2,CO,O3,Temperature,Humidity,AQI
118.62,90.35,42.95,54.47,1.47,76.92,30.93,22.91,117.1
285.71,225.92,40.81,64.14,2.03,90.48,11.9,34.01,235.64
222.28,351.72,136.41,21.54,1.92,155.27,39.9,82.34,226.3
183.61,298.25,41.18,50.74,0.47,67.8,29.52,77.51,189.79
55.25,326.49,44.43,46.6,0.46,157.84,11.29,46.3,133.48
55.24,270.34,115.11,66.96,0.74,24.98,43.49,48.26,139.03
26.84,283.07,70.21,72.67,0.97,142.06,25.73,60.02,127.23
261.19,342.69,117.62,2.95,1.08,154.08,7.92,20.02,243.39
184.32,114.87,14.48,54.57,1.73,40.91,30.07,38.09,138.53
215.34,205.98,75.7,6.04,0.24,83.16,15.13,35.62,175.62
15.97,104.06,9.87,44.81,0.18,38.13,37.15,38.79,33.09
291.27,395.31,14.08,24.44,1.04,130.12,37.71,80.44,265.93
251.41,378.74,136.43,25.93,1.77,101.01,44.16,40.98,271.79
71.58,34.98,25.19,29.53,0.56,118.0,25.07,34.36,64.65
62.73,288.12,82.2,50.46,1.64,43.4,23.2,57.82,172.28
63.19,371.59,64.61,28.06,0.72,46.0,35.14,84.92,152.48
98.23,88.62,55.36,59.15,2.23,17.05,10.3,38.1,118.2
162.18,235.82,135.48,33.55,2.25,64.75,26.88,25.89,186.76
135.26,367.89,8.16,7.33,0.81,105.16,26.85,46.73,195.45
94.46,32.9,101.25,63.13,0.65,155.85,8.58,76.07,78.43
187.44,285.02,144.69,24.29,1.09,123.38,21.72,61.3,194.76
50.45,132.99,86.22,35.76,0.68,84.02,39.13,81.26,97.91
94.72,371.27,140.84,55.46,1.71,172.03,39.25,91.97,195.52
116.24,389.0,12.58,27.93,2.08,132.27,8.97,79.45,189.58
142.26,378.82,65.73,6.41,1.72,168.13,8.63,65.29,206.41
237.7,200.2,42.72,31.17,2.08,99.69,15.51,57.0,203.32
67.91,347.58,110.97,75.67,1.05,54.01,39.99,23.01,178.73
159.13,340.93,147.29,52.06,0.48,18.98,10.16,93.82,192.45
181.8,141.26,42.2,54.38,1.87,133.43,33.8,48.76,169.96
23.47,334.99,99.86,51.32,0.97,30.62,9.05,31.42,124.86
186.19,34.06,33.72,17.52,1.71,61.47,29.93,70.0,113.25
59.45,246.58,86.97,34.63,0.75,100.52,19.24,41.32,121.57
28.86,107.4,72.27,60.57,0.29,105.95,36.56,63.93,62.6
285.18,65.82,145.94,9.91,2.48,112.1,14.35,64.01,192.58
290.03,49.24,93.24,23.67,0.47,38.26,30.57,53.43,157.24
244.44,284.59,55.68,23.55,2.47,74.56,14.43,82.71,226.26
98.34,149.15,21.54,35.7,2.45,114.92,33.55,39.87,131.84
38.32,295.41,26.93,78.47,2.01,174.87,39.95,53.65,148.94
208.43,44.84,37.67,7.27,1.68,133.7,10.07,60.33,123.62
137.64,139.81,41.39,42.46,1.49,166.84,39.66,69.77,132.77
45.39,225.01,128.34,15.99,2.18,139.58,28.74,78.8,137.51
153.6,320.47,86.38,77.71,0.79,110.59,10.08,49.61,185.9
19.97,141.13,80.89,10.84,1.22,42.64,22.1,68.45,79.74
273.7,257.84,21.64,33.48,1.59,123.34,11.43,31.3,221.39
85.05,356.67,129.72,59.56,1.09,115.97,33.01,89.95,174.75
202.13,254.03,109.81,56.96,1.13,112.42,35.35,48.73,206.13
100.4,108.52,14.81,34.97,0.89,93.26,9.23,74.71,82.3
160.82,29.27,107.64,29.03,1.45,99.87,25.25,21.53,104.92
168.55,350.64,83.81,33.01,2.14,66.86,37.59,35.39,245.9
63.61,28.08,16.85,22.61,0.58,98.28,42.45,56.53,39.97
291.18,352.39,71.45,18.02,2.34,43.58,25.54,85.87,254.02
234.79,221.0,75.28,39.68,1.75,146.88,43.01,59.54,210.72
282.45,376.85,29.04,22.95,2.08,41.58,26.43,89.74,242.53
269.5,323.54,142.13,24.42,1.43,24.44,20.77,56.28,240.69
183.39,399.21,128.25,53.23,1.97,84.16,38.93,56.78,263.84
277.34,153.27,102.01,77.55,0.14,121.91,24.72,28.98,163.73
35.66,311.53,72.03,49.08,2.06,84.41,23.88,80.2,132.74
66.84,172.73,64.71,8.0,0.2,57.05,24.61,38.52,76.23
23.12,202.35,99.39,7.9,2.24,104.89,38.87,87.47,128.05
104.35,258.45,84.09,76.21,2.48,68.99,38.28,88.31,183.4
122.72,352.0,14.03,25.19,0.81,168.59,21.14,90.75,172.74
88.69,393.95,79.31,9.18,0.6,166.85,18.33,59.02,186.3
250.33,311.94,121.93,48.73,1.94,95.4,24.68,70.78,256.07
113.46,178.75,71.59,50.64,0.71,65.74,27.91,78.39,140.47
91.47,180.12,12.53,52.58,2.18,135.31,14.53,29.83,131.47
167.38,300.28,119.01,22.86,0.35,16.24,36.76,65.07,153.08
50.87,110.74,34.2,3.18,0.4,90.71,24.46,22.57,59.51
242.64,61.98,42.5,77.27,2.45,67.17,18.36,57.32,159.6
31.62,154.76,28.88,21.57,1.72,166.49,9.27,31.61,94.53
296.2,129.15,52.88,54.73,2.13,12.04,14.55,33.72,195.96
233.95,132.6,114.73,57.12,0.88,103.98,42.97,47.38,177.25
67.63,108.77,80.31,49.58,1.72,135.91,17.2,52.43,115.59
11.6,36.0,34.71,26.41,1.53,92.45,11.75,66.74,46.03
246.48,26.79,132.29,23.15,1.55,24.52,23.43,25.58,156.44
214.99,395.33,132.54,48.62,1.74,175.32,17.28,57.78,258.69
221.41,182.55,131.23,69.56,1.48,98.06,6.41,33.7,187.69
233.67,166.04,39.63,75.85,1.13,114.41,17.93,63.05,182.77
31.47,278.27,70.43,10.26,0.76,50.22,26.76,67.81,118.29
113.96,102.94,147.82,14.08,1.94,92.19,27.07,61.75,146.31
43.6,380.99,116.94,75.69,0.64,82.96,19.26,75.37,146.62
260.3,318.81,8.94,59.45,1.76,22.73,22.89,45.17,226.04
190.76,53.98,14.45,70.87,0.66,28.05,43.62,77.38,107.52
105.96,178.68,72.27,17.81,1.6,152.37,20.09,52.46,140.13
28.43,354.06,136.84,47.83,1.89,50.77,15.33,56.31,177.28
100.18,379.0,83.11,56.69,0.62,43.14,14.74,68.61,176.21
104.3,197.61,77.18,55.05,0.24,95.83,23.31,21.38,105.7
221.59,253.1,20.29,33.84,0.41,140.69,35.38,69.05,189.96
194.89,83.47,100.23,3.2,1.55,20.53,13.24,66.39,145.07
267.29,396.64,124.2,47.47,2.14,108.06,33.37,43.24,258.77
146.94,108.04,60.16,21.74,0.21,30.27,5.85,26.43,102.89
44.68,378.24,117.46,37.12,1.86,16.2,21.76,26.82,157.78
216.84,266.87,144.85,76.69,0.92,18.97,36.03,89.24,193.2
230.63,250.94,34.55,33.12,1.25,151.81,18.55,71.7,189.93
172.77,214.82,80.88,67.5,2.33,30.06,27.55,29.53,189.55
233.58,107.65,46.64,16.71,0.9,17.68,13.2,46.75,146.73
153.2,87.08,119.96,54.45,1.22,84.44,34.68,64.44,111.74
161.59,103.78,88.75,78.21,0.13,153.48,7.09,82.67,127.03
133.99,90.85,97.01,9.95,0.3,54.61,39.1,23.27,83.88
17.37,316.24,120.7,2.65,0.72,81.69,12.93,37.75,132.22
41.29,153.05,62.42,35.82,0.17,16.79,39.98,86.73,65.66
19.11,41.98,137.69,9.22,1.62,86.34,19.1,20.69,59.36
194.56,388.26,82.29,60.37,1.12,108.19,33.91,35.1,232.85
101.16,355.84,27.9,73.33,1.42,107.05,17.77,91.93,185.47
157.49,372.55,105.91,35.85,0.52,66.51,41.24,66.01,211.62
273.19,398.06,120.02,22.18,0.81,63.64,10.07,39.63,256.32
82.29,86.08,50.93,35.88,1.69,28.13,12.14,25.02,95.5
129.01,170.57,129.29,58.43,2.42,72.36,24.72,22.11,154.12
229.11,308.13,136.39,2.71,0.22,26.91,8.28,38.36,204.34
76.35,284.49,45.15,47.98,2.24,140.32,12.84,86.11,167.77
32.32,78.48,147.61,49.84,1.48,174.27,42.75,51.19,83.72
94.03,330.02,25.4,51.74,1.45,174.91,44.06,74.03,154.25
56.75,105.29,34.29,20.88,1.3,157.06,20.05,88.87,89.44
279.61,105.05,31.71,57.7,0.27,112.13,41.93,50.6,162.67
244.35,224.05,134.63,9.13,0.32,129.15,26.79,34.35,183.27
193.69,245.32,99.87,17.54,1.54,58.48,15.79,58.78,175.15
262.72,240.43,27.06,70.44,0.92,117.23,33.1,88.11,217.84
243.06,54.76,68.85,59.62,2.3,87.46,31.36,80.33,167.33
64.11,353.44,94.22,3.07,1.08,91.94,44.57,24.94,159.69
268.84,120.93,17.1,21.37,0.44,138.82,15.6,71.94,148.82
166.41,69.22,132.95,18.72,1.82,57.93,31.88,62.89,123.47
244.16,357.72,121.52,23.12,0.8,64.07,7.08,88.06,246.58
269.87,383.15,78.25,21.31,1.36,167.19,9.55,29.19,261.93
102.22,347.61,145.23,6.88,1.77,19.56,5.16,60.05,182.13
41.92,327.62,65.58,37.8,2.26,92.56,44.98,85.96,167.13
76.1,268.99,147.7,59.15,2.0,165.18,37.09,50.75,159.0
133.86,229.33,101.85,49.33,1.72,113.76,36.47,56.15,181.54
247.22,53.05,97.03,54.48,1.73,102.89,25.39,25.28,171.87
259.61,175.21,29.06,8.33,2.37,52.46,17.0,40.86,193.24
12.02,161.62,132.88,76.22,0.81,68.36,11.05,44.34,79.67
158.12,118.71,66.99,67.4,0.1,154.85,16.39,90.88,92.03
131.05,294.9,28.52,64.8,0.75,105.07,20.04,41.2,148.71
74.41,208.43,6.83,66.19,0.62,97.51,35.25,54.57,97.11
44.76,50.8,86.16,74.75,1.69,26.93,26.59,70.35,73.52
107.91,103.67,81.47,44.45,1.62,12.72,8.1,32.16,106.32
283.44,279.64,109.31,17.62,1.52,173.83,5.72,56.48,227.18
103.73,48.93,134.09,50.11,0.14,74.09,9.09,75.39,75.06
160.45,343.46,16.51,59.94,1.85,112.55,21.42,85.01,210.28
213.88,208.16,111.07,59.56,0.88,23.55,42.33,66.97,181.68
115.45,202.62,32.17,42.67,1.7,126.13,30.5,70.18,125.07
291.82,245.11,129.44,7.34,1.44,168.54,37.07,29.47,232.25
289.11,333.38,123.76,30.95,0.92,107.86,23.65,90.93,234.98
83.02,152.17,83.42,73.82,0.42,31.44,19.47,29.94,107.82
154.2,277.65,107.99,47.59,0.33,108.89,9.34,78.1,176.34
97.25,234.98,50.58,43.99,2.1,140.28,40.04,39.86,146.12
92.6,121.47,73.32,22.97,2.3,79.09,36.33,90.02,112.82
20.7,353.88,124.14,30.74,1.66,159.57,11.72,74.0,156.65
186.77,323.02,71.59,71.84,0.35,120.28,25.49,76.54,171.08
155.78,270.21,56.88,53.98,1.06,162.87,24.49,36.43,179.24
24.93,343.22,76.66,63.42,1.85,116.0,30.0,53.23,154.59
90.81,349.57,125.1,37.44,1.97,32.32,42.85,66.34,196.47
273.4,289.18,53.61,51.16,0.38,62.65,28.19,77.75,201.93
79.47,338.07,30.2,21.37,0.1,44.31,26.61,27.8,134.82
52.02,285.04,108.24,57.03,1.81,164.5,7.01,92.18,140.29
151.94,278.45,124.77,35.35,0.96,139.27,7.52,86.77,169.81
295.84,255.07,19.59,36.52,0.71,124.99,12.49,40.28,203.73
80.2,306.03,39.78,52.65,0.13,61.16,6.3,81.71,145.48
204.92,80.27,25.59,75.03,1.4,41.29,34.73,58.87,128.39
230.87,354.73,55.45,6.99,2.14,138.6,33.93,54.64,244.97
78.91,351.3,70.3,66.33,2.4,90.61,10.44,43.58,184.0
221.18,31.11,113.58,24.81,1.46,48.38,38.44,63.57,122.0
116.66,333.81,99.42,36.63,1.33,114.83,11.19,74.74,182.66
193.37,68.97,95.03,3.71,0.3,16.86,17.05,50.82,119.12
193.72,147.35,56.09,25.48,1.42,65.45,14.96,67.19,141.03
165.37,302.53,127.01,41.21,1.01,89.65,19.89,72.45,199.42
36.18,81.09,73.34,6.38,1.56,35.15,15.19,73.33,63.07
252.24,330.83,146.97,40.31,1.03,177.39,24.56,23.9,236.39
103.03,336.21,96.95,74.31,0.68,45.55,21.3,84.48,173.22
64.09,212.84,23.31,10.22,0.33,32.16,44.46,54.37,92.22
21.82,22.43,103.05,61.63,0.86,44.6,7.24,39.68,44.29
181.36,129.07,52.14,33.95,0.33,140.74,10.69,38.13,127.05
206.49,254.43,104.52,53.1,0.52,82.34,7.11,56.23,185.31
14.81,392.85,15.1,22.3,2.47,106.12,30.03,86.51,144.95
158.51,260.09,30.36,14.44,1.17,13.57,7.18,48.38,145.06
75.68,118.73,129.08,14.52,1.38,15.85,38.46,76.23,107.12
197.1,260.92,37.94,7.5,2.2,85.79,25.48,27.26,208.9
60.57,225.19,126.37,16.48,2.49,148.83,26.08,55.7,140.92
210.37,316.34,45.5,53.81,1.5,160.49,27.46,94.38,214.35
122.15,60.65,98.22,70.77,2.05,24.74,11.83,77.78,115.35
281.65,309.19,105.65,65.5,0.88,101.52,12.91,35.79,244.54
49.88,225.68,79.33,55.44,0.83,165.25,17.75,57.61,98.85
108.91,385.94,49.27,10.61,1.07,75.96,28.74,37.52,175.74
42.91,149.91,35.83,24.56,1.71,151.03,13.4,50.72,96.88
278.16,260.4,9.81,26.16,1.74,32.73,9.65,78.51,226.4
264.43,374.17,49.07,21.5,0.86,169.02,43.8,77.84,270.29
84.8,58.95,99.71,42.17,0.42,137.74,5.88,37.11,74.59
201.4,376.15,141.05,43.77,1.62,170.03,37.11,89.17,228.39
246.99,281.4,131.32,29.84,0.41,125.02,36.52,64.44,214.23
171.01,45.78,116.08,29.6,1.49,71.78,16.89,48.49,134.35
163.6,134.37,119.32,66.63,1.76,169.49,10.43,57.65,157.03
80.14,289.11,101.42,63.56,1.78,56.85,10.83,65.38,152.6
37.0,45.59,42.74,26.01,1.91,66.47,32.9,61.99,75.58
270.19,241.22,136.54,73.28,2.19,129.14,30.71,56.48,243.78
271.12,151.44,102.26,76.32,1.3,140.1,36.31,57.87,184.16
193.6,255.95,86.26,27.49,1.85,168.0,42.5,33.23,204.23
108.32,37.38,21.09,29.65,1.59,44.82,32.68,80.95,94.14
111.27,351.18,69.82,41.44,0.55,145.66,11.23,60.63,186.24
220.53,389.93,71.75,75.41,0.16,135.55,14.74,29.83,224.67
270.16,388.17,130.36,70.35,0.78,20.85,38.69,77.46,250.28
267.26,304.87,84.26,10.0,1.16,75.83,13.37,89.93,240.8
236.16,69.43,60.16,32.63,1.58,58.07,7.9,91.05,137.46
196.19,308.14,146.64,45.16,2.14,61.76,33.13,47.68,227.41
34.4,29.34,21.05,41.24,0.57,177.1,21.1,30.16,30.45
56.87,28.41,66.27,17.12,0.4,119.27,41.8,58.88,61.39
270.58,142.97,11.09,68.99,2.41,132.0,31.01,28.45,195.89
185.86,205.68,112.29,54.8,0.36,176.02,8.62,90.05,176.9
12.67,312.75,138.12,67.36,1.25,74.12,42.91,33.77,143.42
39.43,279.65,45.61,68.98,1.51,146.31,15.34,38.96,125.34
202.42,189.44,129.46,60.37,1.4,83.87,18.49,50.5,193.19
11.47,123.98,47.37,36.26,0.31,157.82,21.09,48.74,76.33
56.63,398.91,137.06,49.62,0.24,40.71,7.05,79.6,172.92
169.13,181.95,114.32,14.51,0.35,171.11,24.86,54.22,140.63
210.65,191.53,121.71,54.54,1.51,47.19,9.93,32.81,178.5
199.07,82.18,7.61,15.98,1.41,65.46,21.04,40.04,131.66
75.04,322.03,144.61,56.13,0.66,138.55,19.03,58.18,153.7
216.53,283.6,110.37,19.91,1.63,76.94,35.91,31.06,228.95
78.8,103.89,49.19,11.17,2.07,113.4,37.13,65.87,106.3
104.37,51.3,125.26,14.89,0.2,85.58,11.14,62.43,50.65
226.48,278.59,45.82,2.16,1.3,136.2,19.66,73.6,208.5
198.39,268.71,131.55,58.06,1.75,48.82,19.93,90.33,201.3
256.27,123.84,21.32,59.13,0.71,19.94,11.06,88.42,155.58
200.71,381.33,107.03,42.16,0.84,60.99,36.94,90.96,219.44
174.81,77.4,83.4,14.59,1.57,90.63,33.29,38.35,138.41
37.17,184.29,19.0,8.52,2.26,38.56,12.62,29.87,119.43
116.64,378.57,40.07,3.49,2.04,70.32,19.67,42.67,201.41
86.91,179.5,6.8,14.93,1.5,78.0,9.23,87.13,113.04
80.76,262.64,72.97,71.49,1.85,19.76,30.13,92.9,150.33
292.17,171.09,48.68,20.84,0.98,109.16,9.85,84.45,194.39
124.0,124.2,91.76,29.63,1.64,160.34,44.44,28.25,122.09
268.69,393.91,48.1,10.22,1.22,35.8,36.23,91.06,256.83
193.03,175.55,48.49,19.34,0.56,111.63,20.61,51.75,154.21
240.5,359.76,112.76,42.5,1.78,123.01,28.14,20.7,265.84
155.76,107.38,11.98,49.4,1.44,81.29,41.45,53.18,136.34
177.3,100.98,135.92,21.14,0.96,129.19,27.16,23.46,129.88
152.83,31.83,128.58,6.5,2.29,79.82,11.98,60.79,130.37
66.62,267.63,101.83,32.5,0.15,95.79,20.15,45.39,116.28
219.51,160.04,91.02,20.27,0.86,11.25,38.73,55.51,166.32
91.42,348.46,134.38,19.13,0.24,127.59,30.77,65.99,160.26
17.05,199.82,31.87,76.87,1.94,122.43,31.03,85.16,98.78
197.19,387.91,16.45,50.07,1.79,16.53,39.67,69.64,229.8
61.36,90.5,39.73,45.44,0.9,72.6,40.76,52.55,48.25
282.73,350.08,120.21,34.43,1.72,176.44,41.79,81.46,249.0
286.64,315.11,10.03,35.46,1.05,81.53,8.79,87.92,230.02
275.31,312.95,89.51,44.19,1.92,95.33,26.77,28.98,249.49
117.35,341.02,149.34,56.32,1.19,164.69,34.62,59.89,189.39
14.48,309.19,129.08,56.77,1.09,131.93,35.28,41.34,121.44
279.21,257.96,80.61,15.39,2.34,108.95,29.27,23.53,230.32
134.17,69.87,14.23,41.01,0.7,145.63,11.67,70.14,99.83
290.33,32.36,125.55,34.13,0.39,156.94,36.9,84.71,159.6
289.45,369.92,91.85,69.9,1.5,87.67,33.8,32.22,266.2
257.37,254.33,21.67,51.25,2.43,90.77,8.45,80.93,236.48
95.39,322.68,18.61,43.54,1.01,75.63,23.55,84.0,161.86
121.68,202.98,136.9,11.0,0.25,174.34,11.96,88.58,128.78
256.83,64.58,102.03,49.24,0.91,128.52,18.5,39.9,152.11
101.91,67.57,125.25,11.14,1.31,24.15,5.72,87.8,81.01
59.15,280.51,132.45,28.3,0.49,156.7,21.01,44.05,136.56
171.47,183.52,87.91,13.14,1.68,91.7,27.0,61.43,173.99
281.48,96.2,80.03,55.98,2.49,21.69,29.78,23.79,197.61
211.85,206.81,67.41,18.09,1.18,103.45,31.54,23.29,191.38
175.32,44.4,50.96,32.57,0.95,80.92,38.45,74.03,105.46
38.18,241.15,68.02,71.86,1.06,159.22,13.62,53.34,135.36
188.35,122.22,117.21,17.94,0.38,44.68,9.82,39.22,130.57
297.12,323.07,92.28,41.61,2.22,150.5,39.06,34.28,282.61
50.62,137.94,134.42,34.7,1.1,104.81,11.26,70.25,98.26
160.32,192.98,69.29,3.41,1.03,19.28,43.99,20.03,152.6
264.44,24.42,93.03,63.84,1.68,175.21,38.7,80.44,174.36
224.82,47.53,96.54,7.39,1.16,97.14,25.04,25.94,134.55
212.13,169.15,90.8,38.99,1.66,59.45,44.26,34.36,176.62
213.72,202.38,106.88,45.73,0.25,89.8,8.9,48.97,180.27
114.25,248.01,39.43,51.02,2.05,155.84,17.12,56.36,163.85
95.14,130.83,79.29,55.71,2.36,61.83,30.53,46.62,113.26
244.71,284.09,20.11,21.76,1.66,42.75,19.0,44.05,234.64
244.93,346.85,60.75,2.78,2.39,31.94,42.13,92.29,241.01
261.45,316.34,75.71,58.43,0.46,60.64,7.63,68.12,221.55
274.84,35.06,99.57,43.78,1.25,142.61,26.98,21.76,169.98
158.29,202.59,142.83,67.22,1.54,90.18,28.63,52.26,163.33
155.44,59.87,92.09,66.07,1.5,48.67,31.11,85.63,107.45
241.51,111.98,112.82,67.78,1.06,38.25,15.23,42.61,165.27
198.49,394.93,78.41,39.84,0.91,66.56,19.58,27.09,206.78
213.57,74.15,96.95,28.02,0.4,169.79,38.75,76.88,130.44
240.78,209.58,15.29,63.74,1.04,68.31,12.8,65.45,185.37
268.1,254.9,41.89,37.2,0.49,177.98,38.07,62.77,203.31
108.02,286.94,57.47,16.31,1.86,92.49,27.51,24.02,152.98
118.92,232.67,73.51,68.69,0.6,40.46,35.49,30.54,155.14
37.25,23.71,11.62,70.84,0.24,161.49,33.54,66.69,39.44
177.7,144.06,25.3,38.37,1.43,88.26,13.3,35.59,158.86
20.42,216.73,45.14,7.9,1.53,130.64,27.75,57.81,104.96
145.02,53.39,145.87,32.25,2.19,177.23,39.71,60.87,123.18
167.37,153.24,53.05,64.68,1.48,18.53,22.28,41.26,147.35
93.1,32.62,74.9,72.34,0.93,26.44,43.66,91.13,71.23
181.34,49.86,33.43,17.87,2.03,132.48,23.09,83.18,116.99
18.85,170.83,93.56,7.22,1.4,57.91,10.71,74.18,107.05
20.83,70.43,45.7,70.43,0.29,41.33,20.58,25.85,37.75
248.55,235.67,35.01,32.37,1.46,16.69,43.07,27.96,179.54
114.46,282.0,79.9,44.26,2.28,13.71,17.79,56.96,188.74
46.85,324.22,5.8,77.51,1.05,141.66,39.72,32.05,138.27
161.45,96.06,6.11,7.19,0.81,32.85,40.25,93.37,102.1
233.3,83.64,36.76,52.57,0.44,89.51,19.01,31.89,118.2
72.59,59.74,10.32,7.78,0.46,113.0,8.33,56.56,78.39
190.64,261.84,20.66,31.29,1.14,82.82,33.98,47.31,166.77
34.75,288.46,54.13,64.7,1.53,14.61,17.46,67.95,133.35
24.99,32.0,121.37,35.81,0.29,143.2,36.32,29.68,54.21
164.09,375.76,87.95,79.78,2.35,11.79,22.71,52.27,231.28
166.78,39.75,79.34,45.61,1.91,139.52,24.41,40.6,123.92
194.85,225.69,47.56,27.05,1.51,161.86,36.12,86.58,165.45
220.57,289.44,140.1,19.17,2.09,83.58,20.29,23.04,217.43
293.0,350.97,62.57,29.34,0.29,101.04,22.73,88.53,241.53
159.73,291.35,17.63,31.06,1.24,91.09,20.05,82.47,169.96
103.66,324.66,94.47,7.36,1.61,76.17,19.69,42.32,178.7
240.6,148.99,21.51,30.83,2.09,160.86,26.04,79.2,190.82
88.54,329.63,55.06,38.21,1.98,161.97,37.35,22.34,189.15
137.3,50.44,78.57,58.37,0.76,67.09,19.47,92.51,83.4
32.75,360.03,131.76,53.22,2.36,114.56,25.97,59.49,200.01
17.35,228.09,76.56,57.28,0.4,167.57,31.83,42.75,107.92
289.17,330.57,106.83,2.65,2.2,173.55,15.78,47.19,267.32
252.43,191.88,148.96,18.98,2.43,96.52,16.1,24.98,226.56
211.83,264.56,24.07,53.61,0.53,86.98,42.34,94.2,205.07
128.6,220.03,44.84,39.75,1.83,57.38,33.94,22.95,139.9
60.26,298.0,62.21,2.41,0.2,173.01,28.09,69.12,129.19
55.37,51.02,66.17,64.75,1.07,34.28,30.91,53.21,41.33
82.57,42.93,64.6,62.28,1.34,108.57,6.17,91.17,82.92
169.28,113.9,136.6,44.78,1.49,58.03,29.72,38.45,146.74
217.23,80.63,108.53,7.18,2.35,57.43,25.38,59.91,159.97
201.46,351.28,93.15,61.79,1.71,78.84,26.83,56.18,221.47
91.18,103.3,49.86,47.53,1.26,179.79,19.38,72.71,82.15
286.91,390.83,124.45,62.99,2.04,19.34,8.26,25.1,282.96
223.99,148.02,143.48,60.64,2.38,108.35,12.73,34.53,207.07
170.76,89.2,124.07,64.63,0.15,24.04,43.03,36.09,108.29
187.4,320.09,5.23,42.4,2.46,36.27,21.35,75.36,216.71
131.68,270.31,97.28,12.95,0.31,84.73,23.67,34.19,137.3
81.84,209.31,12.41,54.35,2.05,96.78,7.11,63.01,139.72
113.23,231.04,42.35,50.4,0.77,53.99,6.5,36.14,131.72
229.78,293.3,13.63,59.9,0.42,63.8,33.69,84.62,186.08
14.17,106.81,92.55,15.25,1.16,24.78,26.52,90.66,58.7
43.66,398.61,104.56,17.21,1.65,61.55,25.35,58.89,172.19
23.34,390.42,21.6,71.45,1.01,174.31,14.72,46.42,159.95
21.81,267.12,60.66,60.5,0.23,170.6,34.79,37.55,96.82
258.08,95.83,71.15,72.84,1.54,66.93,11.73,23.73,165.19
214.06,278.49,58.51,61.18,2.27,107.05,12.6,40.14,217.0
147.51,47.44,22.55,48.58,1.02,164.63,23.43,69.07,90.46
38.37,31.65,65.75,53.02,0.62,11.05,16.45,60.02,61.88
152.57,117.92,113.92,71.35,1.16,147.82,14.9,90.8,127.65
147.31,195.8,15.3,47.15,0.22,171.22,30.81,49.72,126.66
60.23,349.94,16.63,51.33,2.07,25.53,31.04,72.04,155.83
135.82,296.32,56.44,14.21,2.08,37.45,37.98,56.7,200.68
125.57,302.23,141.55,38.97,1.51,173.33,21.71,58.44,193.86
188.6,181.69,101.94,57.88,0.95,101.38,7.92,40.08,152.95
194.18,151.46,103.41,23.13,2.02,12.41,15.95,54.12,176.58
23.14,160.99,57.48,17.78,1.43,53.8,44.2,55.31,90.36
118.64,395.31,91.08,26.48,2.08,86.49,28.85,73.0,214.61
191.5,35.24,6.47,20.84,1.62,127.79,33.39,90.55,116.04
155.91,349.47,97.23,18.76,1.98,134.64,5.29,44.7,206.84
258.38,239.9,137.43,35.14,1.54,179.22,25.73,23.17,226.21
201.02,186.67,93.82,72.81,1.09,58.88,6.5,57.22,163.34
57.25,295.6,131.69,41.55,2.4,101.5,27.77,60.83,186.05
30.46,204.93,109.98,16.66,1.4,100.67,41.83,32.63,98.82
196.3,351.9,22.48,8.0,1.55,78.96,43.74,77.03,229.33
17.69,362.27,135.86,56.3,0.63,38.76,26.62,93.87,142.42
179.87,180.25,14.63,31.86,1.6,176.17,23.33,90.93,164.91
282.67,125.19,82.43,66.1,1.47,155.06,42.8,34.78,200.34
176.89,245.09,25.61,53.44,0.54,94.72,31.94,85.65,156.1
122.57,366.7,6.7,64.11,0.24,112.55,7.6,72.84,180.83
196.55,100.05,66.19,23.21,1.55,48.63,23.63,54.04,115.03
142.89,256.73,47.78,56.0,1.93,102.44,14.61,60.55,168.67
168.23,259.99,75.47,22.6,1.36,128.14,23.79,83.72,171.48
283.02,298.58,88.69,75.25,0.64,97.58,23.22,56.01,217.42
121.97,70.0,11.34,51.64,1.7,178.35,28.29,47.99,105.77
288.75,292.01,22.84,27.31,0.29,113.93,19.27,56.99,220.69
272.55,365.43,86.0,23.02,1.16,73.07,11.57,63.43,256.49
66.78,88.28,54.76,16.89,0.49,141.27,25.15,34.18,76.37
30.11,110.27,110.73,56.18,0.54,38.98,38.21,87.57,62.44
39.23,389.13,99.58,19.06,0.59,75.37,31.56,70.56,159.58
15.28,88.77,127.61,48.43,1.03,68.98,18.53,67.5,68.04
37.39,344.67,105.41,22.64,0.22,83.41,42.42,27.46,146.9
208.07,207.07,67.34,53.63,1.05,142.9,41.49,65.31,185.5
30.64,113.95,102.58,65.57,1.33,92.31,13.37,29.07,84.82
102.5,350.88,44.93,62.69,1.26,144.98,6.58,25.9,171.07
255.01,189.22,49.42,61.35,1.02,108.0,34.65,59.55,180.93
16.75,215.63,119.4,16.64,2.11,68.15,38.1,50.21,113.78
246.2,156.51,69.73,8.89,0.45,147.7,43.71,64.16,163.81
91.74,245.32,120.77,56.52,1.31,50.51,40.59,26.69,150.11
44.27,82.14,124.25,30.73,0.25,48.15,29.02,52.32,69.6
212.05,168.61,129.35,35.72,0.27,95.77,26.2,33.11,158.46
192.39,388.38,137.91,4.43,1.48,54.34,6.11,94.03,232.52
264.47,118.09,67.49,22.25,1.46,11.54,14.87,62.09,172.96
223.17,269.56,51.24,4.63,2.21,120.21,23.38,71.56,209.45
243.01,143.57,89.42,70.58,1.44,96.89,30.14,44.41,169.92
91.79,313.92,58.82,20.98,2.4,85.74,27.29,27.11,160.61
61.46,69.73,92.16,45.47,0.22,174.38,34.71,93.19,62.01
227.68,388.53,107.31,5.04,0.34,107.1,16.19,41.47,233.73
243.98,192.44,104.82,54.01,0.21,156.78,27.6,51.79,172.4
297.25,109.7,59.31,27.2,0.54,33.71,8.53,68.74,166.58
129.66,47.93,29.19,72.04,1.4,106.77,21.55,21.85,103.75
117.89,84.51,67.43,71.27,1.65,157.56,35.01,80.77,120.64
235.16,217.51,25.68,27.37,0.21,109.13,32.74,60.24,161.06
108.83,148.06,134.06,72.27,2.37,132.06,44.63,40.87,157.1
279.92,334.98,55.15,79.7,2.12,73.25,16.12,24.62,268.71
258.94,183.74,27.4,66.38,0.81,25.72,24.93,32.19,166.92
134.41,114.51,8.69,67.9,0.29,87.84,18.18,87.13,92.81
227.75,254.52,98.64,21.42,0.51,77.06,22.62,71.45,201.77
228.82,288.58,97.35,46.98,0.4,157.4,39.28,38.74,202.66
39.91,83.48,54.39,7.25,0.4,51.48,32.37,24.92,33.12
271.74,83.7,15.4,9.4,1.34,174.34,40.3,71.8,150.7
156.52,33.94,64.4,79.91,0.69,172.88,13.14,62.93,99.73
249.67,299.83,50.13,27.48,0.96,52.1,39.93,50.34,201.57
102.81,272.25,103.18,60.36,2.47,69.17,7.39,47.27,172.58
269.7,200.36,92.84,64.92,1.74,162.24,40.54,36.26,215.09
122.87,340.78,57.87,68.93,2.38,174.33,18.16,70.22,219.62
13.14,326.15,36.59,79.82,0.44,85.38,17.58,92.8,118.75
272.56,242.43,148.27,20.84,1.02,64.57,25.48,33.18,226.83
36.47,349.94,70.83,5.15,1.43,99.44,42.63,64.78,167.64
102.6,98.22,104.8,34.07,0.28,126.92,6.91,51.81,107.64
285.52,62.53,25.38,12.15,0.11,56.49,19.09,53.5,143.43
285.68,122.5,75.41,3.75,1.71,135.2,39.26,39.06,171.51
176.3,41.69,8.99,30.11,1.64,18.78,20.84,81.89,115.58
193.23,221.84,78.29,63.13,1.09,18.38,12.97,56.39,182.52
140.05,375.91,144.78,46.16,1.28,75.67,21.99,60.76,207.68
95.03,34.95,60.71,26.4,1.1,70.09,20.42,42.86,93.29
105.31,66.4,10.65,53.04,0.16,63.66,41.62,33.64,79.91
205.03,191.84,9.49,20.1,0.9,93.47,35.48,26.44,165.45
228.19,374.87,61.26,3.12,0.52,64.52,25.2,73.56,231.98
239.56,140.14,28.2,61.62,0.34,42.68,44.53,34.72,154.28
238.99,212.75,8.39,50.65,2.4,62.61,23.61,71.76,176.94
36.45,35.8,114.65,61.46,1.54,175.73,7.33,49.28,66.73
153.38,76.37,71.49,5.04,1.85,79.89,15.49,51.18,135.36
26.69,394.92,46.94,67.3,0.86,85.6,22.44,55.19,146.27
169.36,386.75,135.51,50.32,1.04,108.01,11.28,47.58,218.66
138.04,21.88,21.84,45.94,0.67,177.17,42.9,27.55,74.7
267.43,381.69,143.61,50.72,0.33,51.07,35.67,43.22,263.76
111.77,262.87,50.53,69.43,0.53,125.82,15.73,69.78,163.14
43.95,349.81,133.82,47.78,2.01,131.72,28.63,69.93,166.25
51.47,192.8,92.43,47.31,1.73,113.25,33.86,41.47,123.06
230.84,215.93,124.87,79.27,1.41,25.06,42.65,54.51,189.2
189.28,205.76,147.68,61.02,1.24,125.07,40.27,34.51,186.27
39.33,273.41,46.82,36.5,2.31,20.9,25.61,35.78,145.11
34.39,73.07,144.36,57.18,0.27,111.34,35.99,21.73,70.77
213.28,31.39,61.47,32.36,0.77,135.73,27.49,87.26,124.2
31.1,137.01,60.9,19.85,0.94,45.86,27.11,35.8,106.37
248.34,287.78,54.36,48.55,1.98,153.08,9.59,37.07,220.57
214.81,96.7,83.5,74.4,2.48,15.16,10.05,40.97,147.89
33.59,275.9,27.35,74.47,0.68,153.45,26.18,29.56,116.57
34.6,388.57,85.29,28.67,2.2,88.26,15.75,67.94,162.08
296.13,55.68,83.55,43.16,2.09,46.99,5.84,25.64,164.49
118.54,275.59,115.48,18.51,0.64,32.74,33.91,30.07,143.78
117.49,188.63,125.88,79.66,1.06,172.06,6.3,68.36,135.41
245.71,349.89,68.86,78.53,1.08,22.35,28.81,45.47,221.89
284.7,87.32,48.84,52.66,2.45,43.85,26.57,73.1,191.68
295.94,283.2,42.6,64.74,0.53,69.13,43.75,61.81,217.24
228.48,338.48,33.22,57.78,2.02,115.44,24.37,39.2,233.39
119.12,378.95,13.36,48.27,0.9,102.62,7.54,68.81,192.69
34.22,279.63,54.65,6.16,1.85,31.36,27.07,28.72,125.07
235.37,208.93,44.19,37.47,1.11,59.25,38.64,60.23,180.06
171.94,254.78,145.13,54.63,1.49,50.59,44.87,52.79,190.96
133.02,350.18,85.87,54.85,2.1,46.3,22.21,40.09,183.97
272.84,236.83,55.36,31.1,2.03,79.89,17.81,65.3,197.87
42.25,31.55,89.17,75.45,2.18,129.69,41.27,85.35,81.69
152.86,373.76,25.18,15.05,0.24,46.97,12.65,94.92,187.46
13.29,282.02,69.39,41.03,1.76,72.34,29.62,65.58,149.59
145.91,277.08,95.8,55.89,0.44,76.46,21.23,50.35,165.81
26.33,101.96,75.89,56.38,1.1,176.0,6.64,36.89,84.99
44.46,270.38,63.26,52.59,1.42,172.29,18.89,39.28,135.76
44.08,169.67,149.11,23.47,1.07,146.02,15.61,55.96,110.89
198.27,267.47,132.65,14.18,1.35,51.08,32.44,47.55,212.96
226.35,60.51,95.39,51.6,2.49,21.57,42.95,88.54,138.03
179.18,269.98,87.56,48.75,0.42,63.87,15.72,47.62,177.56
289.03,399.78,95.0,15.99,1.72,55.36,37.46,48.01,295.78
118.71,38.32,34.19,57.0,1.05,96.01,7.21,48.77,88.63
92.86,391.33,62.29,37.5,0.42,142.21,26.52,82.75,192.55
261.89,174.63,10.72,54.09,0.48,155.91,7.82,68.81,169.64
74.84,350.89,73.95,67.31,2.38,153.63,42.36,66.06,189.0
289.33,317.31,83.74,15.24,2.21,71.14,35.65,45.06,257.12
13.52,235.47,38.02,3.49,2.28,126.83,31.32,81.34,98.35
291.26,300.61,144.78,62.77,2.48,63.18,37.96,22.88,252.98
22.52,353.84,136.87,49.56,0.6,20.35,30.9,85.31,130.37
268.43,173.57,109.71,56.57,0.95,129.27,43.76,58.46,202.22
163.03,144.27,82.34,67.38,1.71,11.67,33.56,49.87,154.99
297.96,273.69,131.15,64.62,1.26,79.56,41.99,57.29,243.77
31.4,326.98,23.94,76.95,1.1,65.99,25.69,70.06,145.0
170.62,309.67,119.62,43.8,0.96,127.87,9.68,20.96,194.43
291.1,323.17,23.1,40.1,1.53,140.26,26.13,85.37,259.61
161.7,185.52,120.16,33.35,1.48,61.7,10.07,53.51,159.41
192.53,330.78,44.99,13.99,0.49,147.98,28.7,45.72,196.73
211.77,65.68,132.18,46.66,1.23,59.97,24.3,30.37,138.79
141.82,226.91,141.89,23.61,1.43,85.88,29.9,52.96,172.73
191.99,22.19,26.58,73.86,1.47,133.59,5.4,57.22,114.3
179.45,143.34,72.09,47.49,0.6,127.8,12.79,50.27,149.58
271.34,159.26,147.24,48.24,1.88,177.85,24.65,70.9,199.24
23.18,170.55,75.09,29.68,0.16,48.28,43.02,51.57,63.26
91.48,284.28,130.21,6.06,0.95,122.59,20.34,92.11,162.48
285.62,167.65,90.37,4.48,1.97,113.65,21.97,64.95,208.19
268.18,190.5,59.42,35.02,1.45,165.57,33.59,80.56,197.65
142.14,110.27,46.44,8.6,0.73,36.58,29.15,28.2,116.64
189.84,161.84,34.47,49.33,1.77,137.81,16.96,49.8,157.74
90.44,106.36,115.46,70.72,1.46,106.61,21.43,45.26,108.42
64.56,47.81,61.05,70.87,2.01,56.69,13.71,62.71,96.81
144.47,249.31,79.13,53.41,1.86,90.65,43.64,84.58,191.05
112.47,273.92,76.39,18.48,1.56,66.74,10.23,25.88,178.25
179.26,255.41,88.71,69.31,1.27,108.48,19.87,25.44,182.34
32.54,196.13,130.51,71.12,0.42,161.13,6.03,83.77,115.12
292.57,164.32,147.21,17.34,0.73,106.78,13.87,35.96,188.67
296.0,348.07,64.1,59.52,1.11,117.39,36.22,70.16,245.59
212.47,217.25,124.99,24.35,1.54,98.19,13.05,60.72,168.36
165.47,202.09,115.86,64.61,1.33,18.7,8.2,82.47,179.29
99.76,29.74,88.16,79.78,0.79,49.59,23.98,29.38,67.35
246.0,149.67,143.63,4.34,0.12,93.64,5.4,29.73,163.03
208.57,164.47,34.07,71.99,1.29,62.74,8.39,61.76,153.18
57.16,171.55,20.84,50.57,0.79,40.9,37.31,90.98,99.72
274.17,240.47,128.82,77.92,1.86,95.7,35.86,51.12,227.56
248.54,222.77,68.68,38.27,0.16,64.88,41.61,44.52,167.58
285.44,251.0,127.81,68.1,1.5,53.88,39.18,65.5,235.33
220.46,310.66,134.5,6.87,2.36,88.88,32.33,89.78,220.67
187.89,328.93,14.06,28.15,0.52,32.66,7.09,82.77,177.69
131.29,292.89,133.1,7.23,1.23,167.72,36.31,94.66,159.85
280.49,383.1,70.01,78.08,0.32,157.51,38.82,21.69,236.46
261.16,26.93,79.01,65.72,1.6,130.3,36.96,28.46,156.05
23.11,94.4,95.86,68.5,1.42,28.06,25.34,65.71,53.65
17.65,22.87,139.33,75.16,1.08,141.9,14.32,81.54,40.06
119.17,266.04,7.77,8.64,1.35,147.35,38.81,41.39,156.3
245.06,361.25,74.14,32.08,2.25,140.52,34.09,37.94,250.78
296.31,112.52,104.72,7.54,0.57,29.37,44.23,79.02,193.09
53.62,372.27,109.79,18.44,0.15,119.46,11.23,24.23,171.66
182.3,42.9,105.42,19.89,2.17,151.84,14.03,47.7,128.76
120.46,375.09,24.49,38.59,1.49,108.15,13.47,57.94,198.34
291.28,153.62,48.41,22.95,2.24,119.89,36.7,62.03,215.63
254.21,58.54,57.01,9.88,1.53,87.92,12.48,74.65,146.85
253.12,204.63,121.64,15.06,2.04,99.88,7.67,46.61,196.26
145.92,117.58,45.42,13.49,1.13,15.84,44.94,65.95,116.49
130.3,128.25,35.55,77.9,1.9,118.62,5.99,63.9,130.74
89.29,136.77,143.83,61.22,2.29,23.85,38.41,61.07,125.39
26.35,325.15,6.29,77.49,1.47,83.95,19.61,68.04,143.3
260.77,224.88,149.68,36.3,0.53,59.75,38.66,39.46,192.04
245.74,138.3,103.14,23.71,0.75,102.72,27.18,26.35,156.08
299.92,251.93,125.13,64.27,0.58,32.68,41.07,28.95,222.65
299.02,292.14,47.72,27.45,0.69,127.58,42.05,36.84,234.02
171.08,123.6,7.08,25.35,0.84,145.15,5.36,57.51,115.51
233.01,177.15,111.99,20.14,1.43,37.77,8.02,83.03,191.21
283.98,66.32,125.95,12.11,1.51,27.73,15.01,72.6,153.04
256.4,88.84,112.37,22.0,1.12,34.74,31.77,79.18,154.36
81.73,278.82,25.71,29.71,1.58,159.11,40.53,46.32,149.43
140.66,88.95,114.25,54.57,0.3,99.79,23.4,50.35,100.16
47.46,219.56,116.49,6.88,0.31,89.43,29.28,49.53,100.33
286.67,289.44,100.49,18.42,0.51,28.14,12.54,34.39,240.27
185.79,60.61,116.09,65.1,1.34,120.42,37.2,24.59,125.03
76.31,235.58,127.66,13.46,0.61,157.56,43.69,64.32,156.13
204.79,117.49,93.97,28.73,0.78,150.79,15.74,94.19,151.61
189.26,385.91,17.85,69.44,1.06,116.43,24.79,32.51,219.39
113.87,203.75,75.71,14.08,2.05,22.8,8.44,23.5,151.58
42.93,326.28,16.26,8.45,0.13,29.11,27.37,78.46,145.86
204.76,229.09,64.09,39.79,1.66,18.38,25.11,38.94,174.89
160.89,36.5,64.03,25.59,1.71,53.77,10.78,82.22,100.05
233.97,260.6,14.57,45.95,2.02,33.06,22.68,72.8,199.88
160.85,381.53,55.58,64.7,2.34,54.21,18.36,90.93,225.7
257.13,248.61,21.09,12.7,0.15,75.46,25.87,50.67,168.92
170.05,331.29,122.19,47.29,0.47,170.31,28.43,69.65,197.77
172.67,356.0,142.41,41.43,2.23,113.76,5.34,54.86,248.21
264.23,106.67,15.49,13.24,1.2,151.95,35.44,67.29,167.02
127.01,100.58,143.49,50.67,1.46,130.76,33.52,53.72,123.3
48.86,252.17,80.77,23.34,1.69,29.13,19.65,34.15,125.09
18.35,176.19,48.44,40.05,1.73,135.11,7.12,58.09,108.73
228.99,339.15,16.15,8.42,2.34,56.77,35.2,59.64,225.0
189.89,362.01,77.59,37.85,2.49,118.65,43.21,80.8,256.0
214.18,154.3,120.2,25.9,1.83,67.96,14.61,75.16,195.44
71.76,110.01,107.53,66.15,0.79,179.6,17.94,69.78,99.15
49.55,316.6,12.28,6.44,2.21,54.8,12.35,28.5,152.15
14.22,124.43,15.57,34.65,0.22,57.45,28.08,74.05,62.76
111.67,332.59,63.42,37.76,0.65,168.21,11.19,57.52,181.85
181.08,181.02,47.82,58.55,2.25,14.19,19.25,87.06,160.9
123.75,273.67,38.7,46.79,0.71,128.44,32.88,88.99,149.69
136.87,56.3,45.75,54.04,0.63,133.31,27.4,24.14,81.8
272.21,257.07,121.5,62.61,0.43,152.18,20.46,81.55,219.46
110.99,191.67,139.74,69.25,2.16,175.65,21.81,22.83,167.21
159.06,242.91,63.74,26.48,1.3,175.85,27.48,47.54,158.99
237.26,83.85,136.39,43.97,1.72,21.1,5.23,60.67,158.19
125.0,300.01,51.62,67.53,0.67,149.71,8.14,31.11,152.66
190.41,347.86,74.08,79.18,1.92,119.87,40.25,75.97,217.68
260.09,102.36,37.77,71.38,1.92,120.05,8.12,20.63,182.46
285.36,56.37,97.87,30.97,0.85,31.82,33.27,32.64,149.4
52.65,28.98,146.95,17.22,1.09,120.53,41.8,63.56,64.61
278.71,263.95,92.51,40.17,0.6,177.02,15.83,73.58,203.56
152.71,250.7,56.88,59.85,2.44,165.01,19.82,88.75,191.75
84.89,227.75,98.93,40.42,1.65,84.65,27.76,72.91,142.73
143.15,108.14,22.82,39.69,2.34,16.79,40.27,70.38,122.66
294.21,168.54,133.86,67.38,0.83,71.59,42.68,49.58,199.11
152.86,245.9,77.95,30.19,1.98,150.49,34.58,20.1,183.19
105.34,208.77,70.16,69.06,1.94,129.25,8.46,29.01,142.62
193.69,395.36,89.95,33.73,1.76,88.09,31.77,60.09,222.81
79.64,71.85,95.59,27.6,2.42,19.37,21.41,70.63,119.64
32.0,284.15,15.41,37.41,1.04,82.57,23.83,51.31,114.92
47.38,173.64,103.98,61.47,0.41,89.73,6.97,74.8,94.24
47.13,182.72,40.08,11.83,1.71,167.85,12.64,59.14,122.45
54.05,292.69,108.52,17.32,1.85,118.98,36.62,25.56,190.14
50.26,283.13,124.27,76.21,1.48,62.98,23.16,34.4,134.19
195.85,396.68,121.57,15.69,0.6,99.3,17.07,83.0,228.7
62.75,68.79,85.11,46.28,1.31,21.23,20.36,74.37,70.21
110.24,59.56,80.42,47.19,0.85,175.34,39.18,87.11,88.49
270.07,295.25,25.72,40.19,1.13,71.21,34.96,28.82,214.43
147.45,239.79,117.43,52.29,1.65,91.24,15.89,94.27,163.31
203.59,124.18,44.35,19.93,1.89,70.4,9.7,35.71,155.56
59.97,50.18,77.02,45.11,0.66,126.03,15.08,20.88,50.42
65.76,52.55,46.22,31.03,1.07,122.58,41.83,94.81,79.93
21.85,359.79,24.41,53.61,0.75,131.6,28.26,41.08,140.12
58.99,92.91,96.29,13.02,0.58,55.58,26.34,70.1,77.4
90.79,142.88,12.88,46.53,1.98,63.66,28.86,33.25,111.02
61.33,106.13,113.55,16.45,2.28,31.29,19.64,63.52,100.68
35.72,154.9,51.05,23.73,0.99,121.44,37.28,87.8,90.83
44.98,46.38,5.02,19.06,1.9,16.77,25.93,44.01,51.11
143.63,217.24,79.11,16.26,2.25,111.61,9.67,70.27,167.14
69.84,45.69,11.79,66.41,2.13,157.85,10.16,34.09,77.4
115.64,324.14,45.04,24.29,0.54,161.44,26.47,66.86,156.46
155.99,108.81,107.51,74.32,2.4,86.34,42.46,45.23,128.65
210.21,225.2,14.09,77.65,1.0,88.08,17.33,35.84,189.8
21.4,354.43,126.7,46.56,0.91,23.08,39.78,43.49,137.89
241.83,267.33,5.55,13.15,0.25,124.03,35.56,33.41,199.73
192.09,222.52,40.79,31.21,1.27,149.61,14.91,87.64,186.4
33.71,143.25,112.43,64.22,0.36,51.59,6.45,49.79,66.06
263.34,146.54,50.86,30.66,0.7,81.62,9.07,38.4,159.56
277.05,274.41,19.77,8.79,0.86,152.6,34.14,53.63,241.7
27.71,397.77,57.23,45.43,2.04,159.11,12.99,44.04,194.49
90.29,271.5,44.21,67.92,2.2,51.34,19.85,75.83,160.65
243.8,231.96,127.19,64.08,0.83,103.6,25.07,92.84,203.17
227.0,297.65,50.44,15.66,2.16,42.72,34.02,52.85,214.16
63.51,196.78,119.4,54.48,2.16,27.32,9.53,84.58,137.15
70.71,42.85,134.32,19.2,1.94,164.89,21.25,62.44,85.63
117.44,233.67,67.9,19.02,0.45,149.49,24.4,31.79,118.75
150.51,383.9,136.94,70.18,1.76,139.21,26.63,71.8,212.67
189.29,86.62,59.71,21.47,2.37,18.29,37.73,58.51,145.39
116.98,282.2,144.79,22.53,1.74,153.43,11.87,68.8,169.49
144.14,96.35,17.95,2.05,0.9,84.47,37.31,86.73,105.45
226.77,223.61,104.62,69.91,1.3,68.21,32.72,53.03,183.93
20.64,56.74,76.6,63.82,1.65,102.9,27.23,87.59,58.2
83.21,191.14,61.21,50.93,1.33,25.53,32.98,76.3,128.98
216.87,307.34,96.74,60.52,0.39,138.63,21.48,56.65,206.88
269.61,152.08,107.06,13.86,0.85,109.01,10.54,65.24,182.95
158.39,272.67,5.63,37.75,2.03,41.72,31.63,44.42,188.87
164.31,322.27,29.21,29.4,2.17,42.0,25.99,93.77,206.21
41.08,372.33,108.39,9.31,0.43,41.32,30.57,70.05,162.41
139.75,109.16,101.63,39.92,2.39,19.69,18.52,23.29,132.98
164.46,171.74,145.08,73.82,0.89,109.93,41.27,44.5,150.04
80.32,77.92,115.35,5.12,1.69,152.86,28.49,66.75,87.27
88.08,397.14,142.86,24.73,1.9,12.97,8.42,24.22,194.82
119.41,372.26,106.87,18.19,2.05,18.33,22.99,21.79,212.33
15.82,225.18,48.22,20.58,2.37,107.37,35.25,53.75,133.65
103.4,339.97,20.28,72.86,0.85,149.31,36.77,44.95,178.86
71.32,217.96,118.36,38.51,2.16,65.55,24.78,52.87,125.42
104.97,256.96,98.4,38.37,0.42,69.43,40.79,39.7,151.38
44.73,53.87,11.99,61.32,1.79,111.38,15.71,32.35,52.38
268.25,307.0,57.21,14.05,1.88,56.62,21.42,71.69,245.85
182.14,68.53,143.74,40.01,1.73,14.52,40.94,58.59,132.74
206.94,333.91,77.56,35.54,0.71,134.99,40.85,35.01,216.84
238.86,317.17,67.75,48.56,2.2,116.36,32.43,43.97,225.32
154.55,289.32,71.37,79.97,0.51,108.73,39.36,64.39,184.48
35.21,33.74,35.29,62.02,0.23,136.09,8.55,25.42,26.42
165.76,135.19,58.46,33.03,1.82,124.79,39.6,31.06,141.24
180.18,119.98,58.62,66.55,1.24,45.0,17.82,25.49,128.14
226.18,156.85,12.59,15.32,2.14,69.92,12.13,80.92,157.57
135.18,53.3,116.3,4.38,1.02,31.44,14.57,76.43,99.73
47.0,376.04,65.39,17.95,0.5,32.08,21.72,76.5,166.27
92.3,230.44,124.22,28.55,2.11,124.95,15.05,73.72,184.43
115.29,136.1,128.3,41.83,1.42,155.96,17.82,70.2,131.9
197.32,170.85,35.74,49.98,0.55,173.66,10.4,55.77,164.42
175.53,189.94,100.32,73.03,1.83,116.82,16.85,68.17,176.47
113.27,248.23,73.48,41.77,1.33,41.3,27.89,22.88,156.17
296.09,215.96,132.62,41.1,1.55,27.96,22.67,66.61,219.77
185.67,369.37,36.28,5.92,1.21,148.18,18.87,78.34,216.46
78.8,208.85,103.28,4.72,2.09,108.39,34.86,57.53,146.86
39.52,397.02,93.12,44.99,2.09,115.11,40.74,46.81,177.81
54.33,343.54,47.82,36.18,1.8,142.85,35.27,40.81,164.79
81.33,99.23,24.81,67.46,0.35,129.56,18.28,68.21,79.34
56.6,373.63,99.49,14.53,2.11,151.86,34.78,71.96,192.96
64.1,64.22,112.1,3.95,1.71,19.56,11.08,85.32,72.29
92.68,330.63,50.77,37.03,1.77,137.08,10.21,45.68,176.12
60.28,164.64,98.5,20.52,0.97,154.64,18.83,77.73,125.8
270.06,353.63,62.29,5.87,2.21,58.64,37.31,62.1,268.36
33.27,349.86,108.41,58.52,1.84,118.88,14.85,86.21,179.08
162.11,326.25,33.89,10.7,0.37,63.41,7.53,59.59,175.61
129.02,320.21,134.08,49.45,1.08,172.86,10.27,58.82,191.58
294.89,135.78,46.67,23.92,2.23,15.68,39.35,63.34,208.77
42.49,50.75,58.33,15.53,0.21,108.56,30.35,76.2,63.06
125.38,173.13,13.42,31.62,2.41,38.31,15.13,92.35,123.52
291.15,85.94,21.17,64.51,1.73,131.08,27.21,25.52,166.93
261.0,284.08,79.8,32.58,1.62,39.9,26.1,24.01,238.55
246.95,151.52,43.8,60.56,0.75,50.02,31.22,90.32,162.62
84.79,390.73,126.14,11.79,0.7,94.04,14.33,59.74,172.78
59.56,263.57,7.13,62.28,2.36,165.52,39.58,66.12,137.87
203.91,332.54,59.97,20.48,0.82,45.99,17.37,56.18,197.33
279.52,70.36,53.92,54.84,1.96,34.52,32.77,27.02,158.17
171.46,347.57,7.8,46.13,1.04,139.03,5.64,77.61,219.46
175.77,370.65,23.03,74.47,0.43,95.11,19.91,76.04,198.57
91.19,205.08,64.98,32.21,0.13,165.0,19.07,43.38,115.67
233.15,250.38,76.47,7.16,1.41,34.92,26.74,42.97,205.1
64.24,310.63,63.62,3.49,2.44,119.81,7.91,82.84,177.66
103.87,86.44,81.99,66.49,0.99,49.59,36.61,25.43,105.73
133.38,210.98,91.29,42.93,0.96,36.65,13.71,86.08,154.85
157.21,171.49,6.44,62.47,0.93,126.18,32.08,39.25,131.99
80.3,75.62,72.29,20.29,1.35,110.93,37.13,64.47,85.86
43.3,159.66,144.71,28.92,1.16,138.32,27.48,90.2,113.11
187.08,45.91,80.26,4.35,2.21,62.61,34.64,70.86,127.88
93.7,29.81,103.24,77.0,1.31,86.16,31.47,51.08,84.55
178.56,71.36,50.22,54.09,1.32,78.93,19.22,71.72,128.27
54.77,385.98,117.23,74.79,0.43,177.3,37.35,45.8,176.36
149.53,228.82,117.07,22.71,2.46,59.68,16.79,40.79,163.39
164.45,387.01,80.59,49.69,0.7,60.12,27.85,94.75,213.08
25.03,184.35,146.52,54.92,0.28,70.27,34.82,76.31,88.03
107.62,138.49,23.2,26.77,1.69,105.98,20.16,68.35,126.0
48.98,212.33,7.46,68.15,1.53,52.89,17.11,46.65,120.79
28.38,187.01,116.67,75.88,1.1,165.6,23.37,23.69,123.72
297.09,60.15,122.04,71.02,1.11,55.17,37.72,22.33,185.63
103.48,263.51,22.43,59.65,1.98,162.29,42.2,61.56,177.02
244.86,102.09,43.51,23.64,0.57,27.59,26.8,77.15,158.47
83.85,255.44,7.55,23.97,2.07,121.62,31.46,60.3,152.15
207.64,267.08,47.53,77.14,1.66,164.19,41.13,83.06,205.17
230.47,77.77,117.11,2.8,1.11,38.69,8.94,22.51,154.61
182.74,43.31,80.1,57.85,1.2,174.62,14.28,47.51,131.03
146.76,316.69,55.47,57.09,0.72,86.99,33.36,37.78,174.11
129.43,194.72,58.9,50.57,1.91,170.77,37.95,53.55,159.77
111.17,42.1,5.2,79.23,1.33,125.06,39.28,25.43,87.45
279.56,398.05,48.47,26.33,0.87,61.27,21.6,91.56,244.98
250.88,41.96,98.74,28.52,1.53,42.01,8.57,36.74,162.2
289.86,284.11,146.26,8.16,2.49,61.63,22.51,89.17,257.19
46.05,393.8,127.82,36.54,1.14,25.81,14.23,51.94,190.11
221.95,110.89,8.42,22.36,2.31,34.46,16.65,93.91,144.12
282.12,74.05,135.29,28.78,0.93,27.79,35.89,61.55,159.77
62.56,66.13,118.56,67.1,0.23,81.9,8.02,89.81,67.96
29.28,135.24,118.15,74.97,0.59,145.25,38.1,20.4,95.34
224.92,58.4,71.41,16.49,1.1,34.04,22.11,76.12,137.72
176.6,283.02,62.71,31.06,0.63,32.15,28.84,87.73,177.49
254.13,43.67,48.92,74.43,0.1,119.38,8.59,30.48,119.57
50.53,213.58,14.53,6.82,2.3,43.52,18.49,27.21,111.13
240.63,398.74,38.09,9.2,2.13,26.59,8.59,51.84,256.58
68.47,329.31,40.76,14.7,1.88,38.36,43.46,90.03,147.49
57.46,253.78,75.19,48.43,0.5,167.03,37.29,60.68,119.63
57.64,136.38,113.38,13.74,0.39,149.65,23.39,59.56,94.32
246.23,257.08,73.7,77.51,0.26,70.19,13.94,30.58,184.48
202.91,220.28,13.39,36.84,1.84,121.49,42.34,20.06,200.12
161.69,181.91,143.88,41.12,2.33,101.34,18.78,80.76,187.94
114.06,69.67,141.7,21.24,1.13,125.11,11.44,26.57,89.3
264.39,356.91,118.85,38.73,0.39,126.05,27.53,67.54,229.42
123.81,190.92,148.74,53.63,1.33,116.88,42.75,88.6,127.29
246.81,93.96,83.95,60.59,0.94,55.24,5.15,35.65,147.33
137.35,159.75,144.6,60.8,1.0,16.63,14.52,69.9,143.85
119.31,177.37,15.96,47.08,1.59,87.45,42.54,25.9,128.99
144.18,334.46,58.02,72.54,1.82,161.47,11.84,65.28,207.49
97.4,298.77,37.68,65.76,0.37,106.81,9.53,32.29,131.25
226.81,312.34,33.4,61.05,0.19,151.51,27.81,75.2,209.15
155.79,24.19,25.42,6.34,2.49,178.58,39.47,42.59,113.11
77.34,178.14,95.25,2.54,0.66,37.81,24.08,54.75,105.92
270.88,202.91,118.29,18.57,0.23,127.6,44.78,64.96,190.87
121.33,27.29,88.85,53.75,0.56,124.63,32.17,32.85,70.14
167.63,118.73,26.31,34.07,0.19,176.59,7.96,75.62,107.21
272.88,308.91,122.61,33.39,1.04,177.55,44.71,42.7,249.92
191.03,72.1,97.21,71.0,2.03,126.74,21.32,69.68,152.03
43.9,223.42,61.28,71.85,0.92,51.41,16.5,31.87,121.16
282.55,101.78,102.75,72.92,1.17,145.75,27.32,71.61,185.5
192.04,24.61,42.69,26.48,1.72,28.19,17.17,29.61,118.45
107.12,111.66,55.05,55.9,1.32,142.72,8.46,51.9,94.34
50.39,390.83,138.04,23.19,2.17,164.73,5.06,38.54,190.41
240.27,324.58,47.12,16.87,2.18,75.08,22.98,76.13,235.2
189.82,384.64,73.15,16.4,0.12,117.21,38.47,39.65,226.7
164.7,205.38,134.07,28.68,1.97,83.12,27.89,86.13,182.87
269.23,61.7,107.62,35.54,1.21,84.42,44.97,86.89,176.41
238.69,228.22,14.02,66.81,2.47,62.76,16.47,34.73,214.9
53.99,192.66,26.36,11.35,1.26,139.56,16.22,66.04,101.36
100.4,340.86,6.14,59.32,2.47,169.15,11.39,26.58,192.65
82.06,57.27,96.48,43.45,1.91,169.93,11.56,49.37,101.35
225.74,205.53,69.91,24.46,0.7,39.71,16.41,73.5,163.22
19.72,77.02,24.47,40.44,1.39,158.71,36.71,69.46,60.44
175.27,143.38,143.9,25.4,2.48,135.36,41.23,66.85,170.71
231.11,300.2,81.8,48.49,2.16,52.98,44.0,41.19,244.19
264.26,200.89,40.07,35.84,0.33,21.44,14.29,48.35,157.04
109.2,162.84,77.59,14.82,1.8,55.56,40.25,27.72,142.8
248.16,169.9,103.54,11.09,0.93,165.08,18.13,73.93,173.97
42.08,194.59,16.05,44.64,0.12,117.64,9.51,57.79,72.96
255.47,318.31,44.83,72.39,1.07,132.58,39.8,73.16,240.24
46.97,358.99,122.01,28.83,0.66,53.72,30.44,38.67,160.08
125.21,383.03,71.65,59.17,2.07,132.3,11.59,44.33,225.26
241.22,319.02,84.25,53.38,0.91,14.78,22.19,45.07,225.68
53.48,139.85,67.76,74.66,2.09,73.8,16.49,21.93,129.44
76.48,281.49,11.37,66.04,0.1,116.55,34.47,45.58,132.42
219.45,186.29,29.03,46.2,0.84,34.84,23.14,80.25,161.64
218.81,116.77,69.6,53.25,0.68,149.91,44.57,87.3,153.29
195.93,339.53,35.33,72.07,0.66,49.96,7.19,58.87,212.21
211.25,34.6,12.25,33.16,0.26,120.89,19.2,54.16,99.97
167.39,362.67,127.33,27.49,0.55,78.88,24.28,22.31,195.53
83.02,195.36,147.27,2.84,1.43,111.33,25.13,85.94,130.66
110.25,262.14,120.01,66.47,0.8,28.27,17.64,20.98,130.42
62.66,270.55,128.8,64.48,1.1,12.88,34.17,90.86,140.89
273.45,360.14,40.09,10.15,1.0,164.63,39.99,56.69,226.38
179.18,261.93,144.29,46.99,2.2,55.84,42.55,45.65,203.39
126.25,253.29,33.55,38.19,2.27,149.35,37.2,89.32,181.96
143.98,45.33,142.96,11.26,1.28,179.89,39.02,21.83,109.52
284.71,217.0,149.25,78.48,0.89,45.94,27.02,63.61,230.29
54.47,77.06,108.2,18.75,0.36,55.08,38.04,61.17,50.16
180.01,300.22,147.27,7.24,2.39,122.69,17.14,36.45,231.03
156.71,214.64,87.58,48.4,0.24,174.13,20.94,52.17,157.38
187.32,278.49,42.63,59.63,0.81,165.69,17.68,68.92,169.06
15.25,35.84,68.36,4.53,0.82,95.49,23.7,74.53,68.03
262.92,52.22,91.07,53.38,0.87,145.17,16.42,20.05,152.26
280.31,292.2,15.6,43.52,0.49,33.08,43.46,90.26,203.82
173.89,47.39,95.24,10.05,1.98,176.16,17.51,32.34,118.23
212.03,47.08,147.27,15.46,0.39,173.94,8.92,37.52,126.84
277.52,24.6,32.57,46.3,1.62,37.83,26.07,39.76,148.94
215.1,383.47,119.93,25.12,0.4,60.9,7.28,22.84,224.36
54.24,300.25,136.65,75.19,0.27,27.03,9.42,29.23,131.61
177.12,154.24,141.84,65.86,2.28,56.19,13.78,93.98,177.98
185.95,132.68,144.22,78.72,0.56,148.71,23.57,43.64,144.45
133.0,152.89,80.61,22.25,2.07,74.31,22.33,28.65,123.67
223.57,314.37,146.71,77.64,1.41,25.03,36.99,28.02,223.16
280.97,271.32,114.81,35.64,0.29,68.18,34.58,73.96,191.08
278.41,90.37,28.44,29.11,2.39,176.84,22.05,84.09,191.05
140.74,86.16,74.15,5.93,0.69,117.05,18.35,39.27,96.31
42.84,57.39,109.16,6.12,2.16,80.75,17.66,21.57,83.69
295.6,270.92,40.86,55.98,0.51,38.31,35.96,36.73,229.03
253.28,310.46,97.89,37.72,2.15,177.65,7.08,24.24,237.76
46.15,120.72,101.66,19.67,0.13,149.54,5.51,27.75,85.89
277.04,27.96,28.59,49.89,1.33,57.85,36.82,52.36,143.04
262.27,51.23,86.94,21.72,1.95,21.91,24.09,37.24,177.88
160.46,387.79,116.89,47.06,2.34,19.63,10.24,58.7,227.05
181.47,132.27,77.34,30.02,2.28,30.46,14.42,39.01,148.85
125.71,312.3,6.75,66.24,2.07,108.73,42.3,90.54,191.28
25.88,257.37,6.31,66.01,2.23,167.89,39.38,87.95,129.01
107.21,165.14,56.77,39.23,0.58,94.45,33.39,62.51,105.04
242.83,98.16,139.3,29.36,0.78,153.3,24.29,46.58,156.59
11.34,66.13,38.16,30.28,0.79,85.8,25.81,48.59,45.45
106.71,253.7,96.98,64.85,1.0,130.46,44.01,50.89,166.76
125.47,314.36,37.2,27.6,1.04,134.42,43.63,74.57,152.64
165.84,264.68,51.64,18.31,1.41,39.57,13.61,53.87,175.14
276.76,221.51,127.97,8.61,0.48,71.41,37.44,84.25,207.46
110.44,35.94,110.68,38.4,1.76,118.34,12.89,90.81,102.18
110.62,388.03,18.83,39.61,0.5,22.02,13.54,45.2,186.25
223.88,323.51,67.16,67.59,0.84,71.46,32.04,62.05,212.2
141.14,131.27,9.23,19.26,1.31,100.92,21.2,27.13,120.55
75.14,392.39,74.73,31.72,2.01,179.36,42.26,35.04,201.89
141.21,248.72,101.05,65.06,1.87,90.67,8.56,51.01,178.1
50.85,241.32,22.18,66.24,1.65,148.73,25.46,35.47,126.54
61.15,304.27,46.89,32.0,0.47,83.45,41.74,85.74,138.47
154.53,328.47,62.69,37.81,1.41,145.39,41.16,31.87,190.45
131.49,269.46,138.33,25.66,0.31,111.22,11.26,54.17,152.65
275.31,68.68,149.02,74.74,1.01,160.72,19.67,65.43,167.21
115.09,148.54,11.51,11.25,1.09,79.86,29.76,71.89,126.22
178.37,372.67,115.35,74.83,0.2,112.73,11.38,48.73,174.79
193.36,105.35,58.9,55.34,0.76,117.1,43.72,85.18,138.78
13.8,161.42,61.91,43.46,2.39,80.96,41.59,62.62,102.6
202.43,184.19,114.37,4.55,2.39,34.53,11.68,52.96,168.64
61.63,186.97,138.17,39.1,0.95,25.91,9.85,25.04,115.09
288.71,252.92,142.88,33.8,0.2,12.83,8.42,54.85,215.79
53.11,378.37,88.68,14.58,0.53,158.5,41.38,81.56,166.12
130.24,111.46,56.78,53.2,1.04,50.2,12.74,66.09,85.49
34.75,66.17,119.19,77.75,2.37,45.96,21.65,82.41,101.14
299.09,95.04,41.4,45.85,0.44,135.13,22.95,57.05,160.54
155.64,357.03,86.79,57.75,1.93,64.4,28.96,28.88,220.0
182.66,265.41,56.99,7.34,0.36,96.03,7.87,21.02,176.38
29.45,128.64,100.21,34.58,2.46,37.63,14.07,42.74,92.06
227.49,330.06,39.86,11.08,1.02,173.16,42.26,72.35,225.05
70.87,347.32,32.78,49.8,1.96,154.77,41.34,79.27,171.61
270.44,341.68,138.14,75.2,0.92,156.84,36.25,42.18,229.21
69.49,369.19,19.76,53.62,1.61,79.15,5.78,57.17,182.94
65.3,115.85,78.36,7.99,0.56,139.6,18.08,51.58,76.75
20.6,306.92,37.02,29.66,0.45,34.46,30.12,50.79,105.43
146.9,195.01,10.64,44.95,2.35,11.47,16.01,37.35,152.39
173.8,339.96,10.22,33.45,2.3,13.4,41.38,30.23,212.13
29.06,296.83,30.41,67.02,2.23,109.72,30.36,34.75,145.42
234.9,315.05,130.68,65.54,1.6,87.42,7.88,24.15,238.69
141.45,269.34,45.96,49.72,2.04,98.06,41.36,34.86,166.57
162.07,87.42,142.82,31.13,0.27,11.27,43.31,20.69,104.02
137.82,227.11,89.34,21.92,0.9,81.86,8.11,67.04,149.78
126.22,394.17,68.31,10.26,0.85,132.07,26.29,43.73,214.46
172.3,376.21,89.11,29.68,1.63,85.26,17.13,92.99,219.68
55.02,36.41,79.92,34.23,0.95,134.48,20.71,34.53,74.52
62.76,82.63,115.02,54.71,0.46,49.61,12.19,45.94,73.84
259.92,70.06,45.96,53.34,1.53,148.23,28.12,46.84,157.8
284.37,295.87,56.19,7.47,2.05,110.03,43.32,20.63,242.36
118.26,330.76,134.64,32.83,1.02,45.83,25.12,82.94,177.5
88.52,101.13,142.24,16.18,0.42,50.24,8.32,22.4,95.59
196.76,212.22,134.42,14.23,0.57,116.77,29.8,90.51,184.69
128.53,339.47,65.82,66.53,0.67,151.09,18.61,86.91,184.36
17.36,298.46,118.15,5.27,0.82,80.66,39.24,60.16,136.76
55.28,226.05,74.07,34.7,1.64,53.91,22.39,60.77,116.76
217.63,244.33,77.14,15.12,1.54,157.39,12.71,69.03,195.68
201.09,213.18,34.68,70.59,1.77,123.78,12.64,49.03,176.89
17.86,133.07,90.71,45.45,0.97,86.17,35.75,68.54,80.41
74.37,234.71,31.99,20.05,2.08,92.94,15.62,23.36,136.58
77.01,281.78,53.08,41.19,0.59,44.72,35.69,24.05,141.09
204.85,351.86,128.98,59.06,1.23,116.56,13.24,54.29,218.25
15.72,261.79,35.03,76.73,2.02,70.99,17.87,61.22,126.48
40.19,309.23,15.32,19.19,0.53,179.26,23.62,86.59,135.15
241.98,80.83,15.01,71.12,0.36,91.63,42.73,27.85,115.48
61.78,195.39,141.41,74.88,2.22,92.6,42.27,81.7,160.37
199.3,23.55,78.5,73.48,0.92,106.19,13.27,35.75,114.63
79.07,113.74,64.36,51.56,1.74,165.85,19.33,49.56,88.93
38.84,296.06,122.58,51.13,0.16,146.14,10.98,43.75,130.47
80.52,396.89,126.19,33.45,1.76,86.69,25.4,50.01,196.58
219.46,57.69,53.17,60.69,0.86,132.18,23.42,31.29,132.11
258.15,172.57,105.57,43.44,0.23,109.66,41.03,57.77,186.66
250.76,324.03,116.81,54.84,1.56,93.7,42.2,80.12,247.55
125.18,97.53,99.92,35.42,0.68,42.69,20.34,53.12,106.38
203.74,230.93,26.98,59.06,1.03,88.87,24.67,56.8,180.8
69.45,298.57,132.0,66.31,0.29,51.79,40.85,83.66,139.81
95.01,254.07,83.17,13.42,0.45,165.52,37.27,72.95,156.04
269.94,91.45,45.96,66.97,0.82,67.02,5.15,56.78,144.14
13.77,155.05,66.66,44.14,0.32,171.88,17.8,39.33,75.62
34.8,317.84,10.45,67.88,2.29,100.62,21.87,86.37,153.68
70.29,230.61,23.54,35.64,0.11,117.36,14.19,63.28,117.15
17.69,21.99,116.0,31.57,1.26,102.3,12.98,36.59,42.45
62.62,309.18,5.0,73.37,0.4,31.99,6.51,40.18,112.07
179.08,33.42,65.4,21.59,0.84,73.89,30.73,80.23,107.12
132.21,303.38,80.76,67.85,2.32,26.85,15.5,23.31,194.36
268.87,96.94,12.92,39.75,0.49,115.9,7.09,94.41,167.92
247.06,384.07,146.1,42.1,2.42,85.97,14.24,29.78,258.62
109.13,159.82,37.79,26.06,0.59,142.26,37.08,79.71,124.25
85.23,144.23,49.11,46.7,1.88,47.48,39.06,49.61,138.85
120.11,76.58,49.07,27.37,1.41,37.98,24.32,56.92,96.59
181.19,136.13,38.41,5.06,2.22,79.08,21.64,86.05,141.79
87.74,353.13,5.21,23.22,1.43,167.52,44.11,50.97,168.47
191.0,398.61,110.75,2.5,1.38,130.77,13.02,60.31,234.61
128.73,159.96,145.19,78.31,0.57,81.22,13.61,23.7,136.15
170.09,190.47,37.52,77.33,0.5,97.94,16.67,20.18,139.26
136.48,294.39,101.14,32.82,2.3,24.32,11.91,38.36,205.92
95.4,356.75,112.57,58.81,0.89,177.38,20.17,71.04,170.41
285.05,245.36,128.02,28.97,0.99,123.29,41.43,29.09,205.55
231.45,168.78,66.28,54.35,1.92,58.52,29.61,28.53,195.4
50.63,176.8,48.92,64.82,0.91,109.59,21.48,50.82,77.86
261.86,284.33,52.17,75.85,2.38,28.61,42.38,68.59,234.22
151.36,21.22,108.33,33.22,1.87,174.19,6.94,73.41,147.35
269.42,255.44,123.43,63.1,1.53,39.71,13.41,33.38,224.77
241.96,155.09,31.33,22.74,2.21,120.17,27.64,25.97,175.59
133.31,321.79,58.79,79.25,0.22,51.73,29.62,90.53,165.0
16.52,55.34,135.78,4.01,0.72,131.99,6.58,39.55,53.83
87.92,243.52,121.97,49.08,1.22,142.06,21.12,84.0,149.82
167.07,202.77,147.8,53.44,0.64,124.48,30.97,84.76,167.63
193.71,264.08,114.37,55.67,1.89,114.46,32.92,77.94,194.54
84.79,44.64,62.01,11.39,2.31,161.72,30.53,32.66,113.63
50.41,240.39,90.64,75.21,1.12,23.37,17.82,81.64,125.48
252.13,233.36,100.85,16.13,0.92,66.26,8.74,77.69,206.15
295.48,233.05,16.38,50.57,2.41,52.21,22.08,64.75,224.72
162.45,249.33,83.95,19.37,1.17,177.96,10.15,45.29,188.42
59.79,277.06,107.85,25.96,1.27,76.2,42.9,39.69,139.46
88.97,325.9,29.26,44.62,0.94,134.54,24.01,29.14,162.18
15.33,122.53,118.19,34.54,2.28,126.4,17.69,58.23,87.67
275.15,333.52,89.65,14.5,1.47,46.05,35.65,63.89,234.12
44.15,209.34,143.07,15.33,1.93,50.63,24.92,46.95,133.89
177.19,49.28,11.15,34.62,2.05,57.82,17.4,55.65,117.69
89.48,42.25,43.47,61.07,0.92,79.89,37.48,47.26,65.13
170.71,147.01,92.23,72.04,1.14,49.84,39.69,68.08,138.39
198.91,318.26,48.0,8.56,2.14,13.34,31.92,87.59,219.97
250.63,288.92,108.59,32.66,0.97,159.5,6.88,32.29,215.68
69.86,319.67,115.06,9.82,2.01,174.15,27.65,48.61,173.46
13.19,216.56,19.86,3.29,2.36,68.07,35.53,30.57,111.32
49.7,187.28,79.51,53.61,1.6,67.55,10.46,66.87,94.83
271.01,76.03,78.79,48.99,1.88,11.21,14.15,74.67,155.59
263.43,144.71,58.55,14.72,2.03,125.64,40.3,89.89,195.5
183.25,184.93,140.27,20.24,2.13,150.32,5.8,40.92,175.88
184.15,53.67,124.99,3.85,1.05,34.92,35.11,91.27,130.49
202.86,103.83,106.1,67.13,0.22,37.14,23.95,24.74,141.13
60.86,247.33,108.58,78.03,1.06,144.31,22.87,65.23,143.67
275.18,299.55,71.95,12.57,1.72,114.77,5.28,24.28,257.45
131.44,399.37,138.54,20.06,1.18,17.63,37.78,87.03,205.01
121.11,374.58,105.72,69.74,1.9,115.83,19.39,59.74,215.62
160.49,264.17,110.7,74.26,0.96,62.52,26.63,70.2,169.86
23.62,180.07,129.95,34.73,1.62,72.68,32.09,82.37,130.71
58.22,261.75,44.74,5.95,0.55,140.85,33.11,31.27,141.67
224.03,318.55,122.03,5.07,1.9,147.86,43.24,22.89,233.62
34.01,64.97,33.31,46.77,1.41,78.06,26.25,85.92,67.68
184.91,175.76,55.07,32.65,0.59,171.02,20.99,43.62,164.82
81.15,339.12,53.66,4.23,0.8,79.1,43.15,29.67,154.27
122.9,165.86,146.89,47.49,1.9,141.21,30.68,55.13,144.92
93.72,237.31,129.2,2.88,1.26,92.26,16.93,64.87,153.97
113.15,243.35,106.67,63.42,0.62,162.58,10.06,22.32,150.29
218.52,90.1,110.42,25.9,2.42,164.32,38.7,40.62,173.14
96.17,157.65,86.5,5.14,1.82,24.86,19.49,22.46,114.81
174.26,147.11,142.33,47.89,2.4,169.2,31.42,51.53,157.7
148.05,29.95,76.96,33.02,1.13,150.34,23.83,87.13,104.31
202.46,29.19,60.18,77.96,1.24,144.52,12.96,93.7,134.54
281.68,336.04,28.64,44.45,2.26,44.15,29.07,67.78,252.35
222.45,123.77,119.0,23.47,1.36,146.87,7.43,32.12,181.29
72.33,216.87,111.49,57.34,1.8,154.52,21.53,87.94,135.66
19.04,133.52,60.73,23.18,0.71,59.16,26.86,58.72,57.89
86.06,377.46,8.65,72.53,1.17,171.88,22.44,31.53,177.66
182.57,118.53,126.65,31.23,0.4,18.48,34.95,89.13,128.86
24.91,183.27,6.66,44.89,0.59,35.48,38.12,76.81,86.25
153.95,351.64,107.04,5.94,0.1,101.39,35.85,74.88,176.92
183.08,339.93,145.69,35.24,0.19,107.88,6.55,73.19,213.53
106.93,90.72,68.46,66.92,2.45,119.68,12.77,35.03,142.52
233.56,325.0,39.07,64.84,0.68,12.88,26.46,35.83,208.55
40.91,194.11,107.21,19.5,1.69,173.26,42.39,71.62,132.83
31.79,203.53,123.48,19.63,2.11,17.58,38.4,36.48,109.13
221.17,70.72,84.23,65.75,1.42,34.32,38.7,52.9,155.19
153.69,50.63,145.22,74.57,0.47,12.38,17.13,78.65,113.02
209.64,296.62,12.49,9.44,1.85,106.37,22.18,78.8,216.23
136.1,208.66,78.2,37.1,1.54,168.49,23.83,53.99,158.09
81.46,186.0,109.18,28.32,1.86,123.21,11.29,79.41,105.16
247.54,297.21,130.08,69.91,1.95,149.85,6.24,82.9,234.97
241.83,310.89,30.99,8.51,2.44,12.26,42.88,69.11,224.49
211.46,80.39,121.0,18.47,1.48,102.14,14.63,37.13,139.2
88.92,251.89,85.14,60.69,0.92,88.13,14.6,40.55,142.11
181.17,71.43,62.5,6.0,1.66,94.82,8.34,43.61,125.84
114.68,305.52,24.1,40.42,0.26,22.28,42.14,28.76,138.79
36.56,269.64,130.47,36.48,2.25,126.35,28.19,40.49,139.92
276.02,383.51,27.8,28.08,0.39,95.55,31.68,35.71,233.07
49.68,46.2,49.92,32.78,0.89,140.08,41.46,54.15,71.88
285.57,41.68,47.06,43.34,2.06,92.5,18.82,88.13,162.49
139.34,127.23,131.36,14.59,1.53,35.39,29.86,27.84,127.39
